"","A","R","N","D","C","Q","E","G","H","I","L","K","M","F","P","S","T","W","Y","V","A","R","N","D","C","Q","E","G","H","I","L","K","M","F","P","S","T","W","Y","V"
"PSSM0",0.10145647547543,0.0935994864746238,0.29719814730392,0.0823907504303021,0.0061468308058406,0.114990845857184,0.120693434696726,-0.0182396970626684,-0.0220596995362083,-0.289699394262212,-0.29530365183736,0.379444732245244,-0.137704737761399,-0.22441208554079,-0.19343134789984,0.24332179524874,0.259457187502694,-0.3704824640998,0.0725669143738491,-0.219933522414274,NA,NA,NA,NA,NA,NA,NA,NA,NA,NA,NA,NA,NA,NA,NA,NA,NA,NA,NA,NA
"PSSM1",0.10145647547543,0.0935994864746238,0.29719814730392,0.0823907504303021,0.0061468308058406,0.114990845857184,0.120693434696726,-0.0182396970626684,-0.0220596995362083,-0.289699394262212,-0.29530365183736,0.379444732245244,-0.137704737761399,-0.22441208554079,-0.19343134789984,0.24332179524874,0.259457187502694,-0.3704824640998,0.0725669143738491,-0.219933522414274,0.896594144081075,1.21409919184853,1.53857985488722,2.27454620852471,5.22631859204415,1.13445884860271,1.21482991474422,1.56879830931859,1.18182662059005,1.30922238584338,1.42822713222587,1.3329444438125,0.988626345932284,1.8221630683776,1.86319538208901,0.905406604212151,1.2129969532805,2.5661833216066,2.29730210291905,1.1404986173303
"PSSM2",0.10145647547543,0.0935994864746238,0.29719814730392,0.0823907504303021,0.0061468308058406,0.114990845857184,0.120693434696726,-0.0182396970626684,-0.0220596995362083,-0.289699394262212,-0.29530365183736,0.379444732245244,-0.137704737761399,-0.22441208554079,-0.19343134789984,0.24332179524874,0.259457187502694,-0.3704824640998,0.0725669143738491,-0.219933522414274,0.909352009259655,1.50863990903666,1.62137224499446,2.3359585689261,5.94144573477091,1.26418967567244,1.3189876980452,2.0786135182651,1.30779210590964,1.68289099489091,1.51547644428236,1.71433775651402,1.09701249188201,1.77296007837766,1.91647841361751,0.72025512990789,1.03223152311625,2.49980196773767,1.96292025885554,1.52413434971681
"PSSM3",0.10145647547543,0.0935994864746238,0.29719814730392,0.0823907504303021,0.0061468308058406,0.114990845857184,0.120693434696726,-0.0182396970626684,-0.0220596995362083,-0.289699394262212,-0.29530365183736,0.379444732245244,-0.137704737761399,-0.22441208554079,-0.19343134789984,0.24332179524874,0.259457187502694,-0.3704824640998,0.0725669143738491,-0.219933522414274,1.14218675669188,1.56142474600721,1.4506613322229,2.15946098031588,6.0883686549334,1.01220965835077,1.20822830834764,2.21804037550032,1.0602271006484,1.49277257433104,1.15264982180862,1.62144390112807,1.12624316224081,1.61605251717166,2.13025945781472,0.925773246638346,1.29740758083323,2.73651864812339,2.27992438601027,1.30718945691374
"PSSM4",0.10145647547543,0.0935994864746238,0.29719814730392,0.0823907504303021,0.0061468308058406,0.114990845857184,0.120693434696726,-0.0182396970626684,-0.0220596995362083,-0.289699394262212,-0.29530365183736,0.379444732245244,-0.137704737761399,-0.22441208554079,-0.19343134789984,0.24332179524874,0.259457187502694,-0.3704824640998,0.0725669143738491,-0.219933522414274,0.895051360117675,1.73232504948596,1.83575683426532,2.72088703960792,6.4396380420954,1.04163888479517,1.29362691375229,2.3571673132566,0.984345553040824,1.68254280114178,1.47870443674213,1.49836361032961,1.04379862547601,1.92072837417262,2.27011135633961,1.00129732389791,1.13421013719862,3.11590325815431,2.30782488321195,1.5732062021353
"PSSM5",0.10145647547543,0.0935994864746238,0.29719814730392,0.0823907504303021,0.0061468308058406,0.114990845857184,0.120693434696726,-0.0182396970626684,-0.0220596995362083,-0.289699394262212,-0.29530365183736,0.379444732245244,-0.137704737761399,-0.22441208554079,-0.19343134789984,0.24332179524874,0.259457187502694,-0.3704824640998,0.0725669143738491,-0.219933522414274,0.921309320229709,1.64616407689204,1.54105047659168,2.43895915317371,6.43667620154225,1.14589480699208,1.40591546570334,2.3670782053749,1.15094230502608,1.74081539702833,1.46384771451825,1.62060518106624,1.04044772053088,1.97441578091592,2.2807785781309,0.889318033704774,1.13958443251268,2.87758946419753,3.06942773546872,1.53886070064993
"PSSM6",0.10145647547543,0.0935994864746238,0.29719814730392,0.0823907504303021,0.0061468308058406,0.114990845857184,0.120693434696726,-0.0182396970626684,-0.0220596995362083,-0.289699394262212,-0.29530365183736,0.379444732245244,-0.137704737761399,-0.22441208554079,-0.19343134789984,0.24332179524874,0.259457187502694,-0.3704824640998,0.0725669143738491,-0.219933522414274,0.8822888096004,1.58842744216049,1.62631607933523,2.5720434052727,5.73244151314996,1.05946552510852,1.31813228468567,2.36352080654778,1.20343976795132,1.38107873041901,1.28475269139991,1.69006563386755,1.16475600369187,1.84861535523035,2.25920673911037,0.880033216312749,1.15795011026422,3.0794980791813,2.43258007114644,1.39715411067119
"PSSM7",0.10145647547543,0.0935994864746238,0.29719814730392,0.0823907504303021,0.0061468308058406,0.114990845857184,0.120693434696726,-0.0182396970626684,-0.0220596995362083,-0.289699394262212,-0.29530365183736,0.379444732245244,-0.137704737761399,-0.22441208554079,-0.19343134789984,0.24332179524874,0.259457187502694,-0.3704824640998,0.0725669143738491,-0.219933522414274,1.11158740456494,1.30573476014233,1.40714250202776,2.14807994312702,5.1600166741578,0.932924430294625,1.15029224969495,2.548712713389,1.20866256090427,1.62973546523585,1.33761016632641,1.21074468235044,1.21385254478812,1.79506752590091,2.1955296393559,0.801535050995917,1.23581195860992,2.56790105025813,2.78941815150847,1.48795431970509
"PSSM8",0.10145647547543,0.0935994864746238,0.29719814730392,0.0823907504303021,0.0061468308058406,0.114990845857184,0.120693434696726,-0.0182396970626684,-0.0220596995362083,-0.289699394262212,-0.29530365183736,0.379444732245244,-0.137704737761399,-0.22441208554079,-0.19343134789984,0.24332179524874,0.259457187502694,-0.3704824640998,0.0725669143738491,-0.219933522414274,0.97178879107888,1.48358798476355,1.52685723938908,2.48595231315651,7.43835306020373,1.12492737528101,1.33323566206362,2.36096403276765,1.14641682519961,1.66746504828064,1.37300135883234,1.53898104592705,1.07890043895353,2.26804557748849,2.24316767371472,0.995592517426862,1.38291426676805,2.79532537340465,3.45360040529329,1.31946517581965
"PSSM9",0.10145647547543,0.0935994864746238,0.29719814730392,0.0823907504303021,0.0061468308058406,0.114990845857184,0.120693434696726,-0.0182396970626684,-0.0220596995362083,-0.289699394262212,-0.29530365183736,0.379444732245244,-0.137704737761399,-0.22441208554079,-0.19343134789984,0.24332179524874,0.259457187502694,-0.3704824640998,0.0725669143738491,-0.219933522414274,1.02180678640306,1.61477858111718,1.60484320034138,2.09226724683303,6.75264680722533,1.2391992259931,1.40049323555025,2.69949987932282,1.29929471276451,1.23974342240919,1.30732621024528,1.72314673932093,0.969199788517654,2.11784766703486,2.02176401296296,0.893663861231985,1.24253391206185,2.75980306967687,3.22932053204271,1.15130969078496
"PSSM10",0.10145647547543,0.0935994864746238,0.29719814730392,0.0823907504303021,0.0061468308058406,0.114990845857184,0.120693434696726,-0.0182396970626684,-0.0220596995362083,-0.289699394262212,-0.29530365183736,0.379444732245244,-0.137704737761399,-0.22441208554079,-0.19343134789984,0.24332179524874,0.259457187502694,-0.3704824640998,0.0725669143738491,-0.219933522414274,1.15079420242211,1.54932641552791,1.73252669376641,2.12492901974138,6.64280606497955,1.07856881647064,1.33186295775346,2.78743817496888,1.29727885202458,1.32831470159062,1.17329188145347,1.62526519362935,0.877722487556292,2.01059618765247,2.38766222349155,1.01621419992044,1.37388529581061,2.85396928264949,3.80840061181324,1.33174391012636
"PSSM11",0.10145647547543,0.0935994864746238,0.29719814730392,0.0823907504303021,0.0061468308058406,0.114990845857184,0.120693434696726,-0.0182396970626684,-0.0220596995362083,-0.289699394262212,-0.29530365183736,0.379444732245244,-0.137704737761399,-0.22441208554079,-0.19343134789984,0.24332179524874,0.259457187502694,-0.3704824640998,0.0725669143738491,-0.219933522414274,1.15282634955737,1.56107471697204,1.84409813651936,2.50010811397153,6.93621312385964,1.04959134691371,1.26208527083394,2.98745234799215,1.12401216917751,1.38178849140571,1.19296330995953,1.56765055352427,1.01725917449595,1.93703575100561,2.14728766663421,0.86910068546148,1.1707112791457,3.25383247677106,3.81867556035721,1.55340471213425
"PSSM12",0.10145647547543,0.0935994864746238,0.29719814730392,0.0823907504303021,0.0061468308058406,0.114990845857184,0.120693434696726,-0.0182396970626684,-0.0220596995362083,-0.289699394262212,-0.29530365183736,0.379444732245244,-0.137704737761399,-0.22441208554079,-0.19343134789984,0.24332179524874,0.259457187502694,-0.3704824640998,0.0725669143738491,-0.219933522414274,1.29071412255423,1.84314570821792,1.88625933351966,2.57885312725529,6.71110846513547,1.19597941673779,1.36792249362188,3.15489071356936,1.23314582376672,1.66403764758203,1.47659053075895,1.82407738373901,1.09162642421091,2.09227014851696,2.1816136393191,0.931603283180715,1.40390043704589,2.79393592856389,3.96062823166069,1.71999194512329
"PSSM13",0.10145647547543,0.0935994864746238,0.29719814730392,0.0823907504303021,0.0061468308058406,0.114990845857184,0.120693434696726,-0.0182396970626684,-0.0220596995362083,-0.289699394262212,-0.29530365183736,0.379444732245244,-0.137704737761399,-0.22441208554079,-0.19343134789984,0.24332179524874,0.259457187502694,-0.3704824640998,0.0725669143738491,-0.219933522414274,1.2301780455967,1.82333562244822,2.10737668306747,2.88769897949883,6.42500629881782,1.20162652426128,1.17574495981328,3.35896220002616,1.31174736905645,1.58174390549427,1.52425854093155,1.85816265649663,1.09834912334725,1.84813775537326,2.56106734514751,0.844870592229313,1.19615050482656,3.04729628953849,3.07506998439489,1.69252752351558
"PSSM14",0.10145647547543,0.0935994864746238,0.29719814730392,0.0823907504303021,0.0061468308058406,0.114990845857184,0.120693434696726,-0.0182396970626684,-0.0220596995362083,-0.289699394262212,-0.29530365183736,0.379444732245244,-0.137704737761399,-0.22441208554079,-0.19343134789984,0.24332179524874,0.259457187502694,-0.3704824640998,0.0725669143738491,-0.219933522414274,1.19235144280162,1.52586887842343,1.75785021213774,2.00007845603456,5.93064477074735,1.05886035702458,0.977270252509787,3.01557963179473,1.40092726570886,1.34493629572615,1.01479274952393,1.56185626770424,0.808278346949545,1.71568396745761,1.97387079872858,0.740601972963659,1.44167931130414,2.80461635860931,3.64740810963815,1.53970311132789
"PSSM15",0.10145647547543,0.0935994864746238,0.29719814730392,0.0823907504303021,0.0061468308058406,0.114990845857184,0.120693434696726,-0.0182396970626684,-0.0220596995362083,-0.289699394262212,-0.29530365183736,0.379444732245244,-0.137704737761399,-0.22441208554079,-0.19343134789984,0.24332179524874,0.259457187502694,-0.3704824640998,0.0725669143738491,-0.219933522414274,1.23433913106464,1.4111709196921,1.79203032724255,2.42677782815055,7.08537161567263,1.17692786743727,1.31356233827066,3.03445472065431,1.2943765469914,1.49963369588194,1.48017065825974,1.5592528224865,1.10724340646915,2.00067627080432,2.23300596485302,0.907316022068497,1.25520566878817,2.47813853113695,3.1225553711827,1.50366350312006
"PSSM16",0.10145647547543,0.0935994864746238,0.29719814730392,0.0823907504303021,0.0061468308058406,0.114990845857184,0.120693434696726,-0.0182396970626684,-0.0220596995362083,-0.289699394262212,-0.29530365183736,0.379444732245244,-0.137704737761399,-0.22441208554079,-0.19343134789984,0.24332179524874,0.259457187502694,-0.3704824640998,0.0725669143738491,-0.219933522414274,1.38017057458536,1.39971553412239,1.80112546090733,2.50972186043734,5.9068825391101,1.195139948991,1.16248265519442,3.14633695115402,1.10016143644316,1.48200188431588,1.53970102270382,1.59100172504317,1.11491622333501,1.85819705484661,2.19613028969311,0.832529483830024,1.33421473880574,2.45779447553119,3.35112071462228,1.5164397606971
"PSSM17",0.10145647547543,0.0935994864746238,0.29719814730392,0.0823907504303021,0.0061468308058406,0.114990845857184,0.120693434696726,-0.0182396970626684,-0.0220596995362083,-0.289699394262212,-0.29530365183736,0.379444732245244,-0.137704737761399,-0.22441208554079,-0.19343134789984,0.24332179524874,0.259457187502694,-0.3704824640998,0.0725669143738491,-0.219933522414274,1.25909694262115,1.48545459037563,1.80644433257266,2.19525085763527,6.77706010847139,1.16288114492783,0.997832118530591,3.20973932311398,1.44716175885775,1.37808757925573,1.33065170218734,1.41741226087264,1.12917922231372,1.68039756896968,2.04167913747583,0.879256839656359,1.22393692868521,2.7869780532604,3.3513592423629,1.283754186163
"PSSM18",0.10145647547543,0.0935994864746238,0.29719814730392,0.0823907504303021,0.0061468308058406,0.114990845857184,0.120693434696726,-0.0182396970626684,-0.0220596995362083,-0.289699394262212,-0.29530365183736,0.379444732245244,-0.137704737761399,-0.22441208554079,-0.19343134789984,0.24332179524874,0.259457187502694,-0.3704824640998,0.0725669143738491,-0.219933522414274,1.29007833411993,1.16399045216381,1.90728108480072,2.56677867351911,6.78312924341331,1.08732185608735,1.42763519074607,2.5688731696318,1.55056855232848,1.55185102420891,1.61691298973169,1.28200502774497,1.10652555807521,1.7705561538226,1.7370358820363,0.946313496365807,1.27201988785459,3.06174629573813,3.21005745745874,1.43672670978456
"PSSM19",0.10145647547543,0.0935994864746238,0.29719814730392,0.0823907504303021,0.0061468308058406,0.114990845857184,0.120693434696726,-0.0182396970626684,-0.0220596995362083,-0.289699394262212,-0.29530365183736,0.379444732245244,-0.137704737761399,-0.22441208554079,-0.19343134789984,0.24332179524874,0.259457187502694,-0.3704824640998,0.0725669143738491,-0.219933522414274,1.16043418290373,1.5156193408703,1.53560069102116,2.5014882882215,6.11020322421107,1.31134587960643,1.13382311222729,2.614672302533,1.12111155607868,1.341017179173,1.24491147166013,1.55642564123414,1.01217069915408,1.52743687516446,1.72325227914125,0.667125034791588,1.17439326441989,2.45462791102963,2.98056476746407,1.40999933321222
"PSSM20",0.10145647547543,0.0935994864746238,0.29719814730392,0.0823907504303021,0.0061468308058406,0.114990845857184,0.120693434696726,-0.0182396970626684,-0.0220596995362083,-0.289699394262212,-0.29530365183736,0.379444732245244,-0.137704737761399,-0.22441208554079,-0.19343134789984,0.24332179524874,0.259457187502694,-0.3704824640998,0.0725669143738491,-0.219933522414274,1.18127486844068,1.59899983535541,1.82951766666657,2.68877665902444,7.2471659142622,1.23357360977019,1.40811598319553,2.6655385104047,1.12987461955042,1.28549745057514,1.27892533253848,1.63974228368001,1.03418191647045,1.83537291563478,1.69951409235124,0.875753265338087,1.28112548399774,3.0760286030195,3.02454407217559,1.42613401857775
"PSSM21",0.10145647547543,0.0935994864746238,0.29719814730392,0.0823907504303021,0.0061468308058406,0.114990845857184,0.120693434696726,-0.0182396970626684,-0.0220596995362083,-0.289699394262212,-0.29530365183736,0.379444732245244,-0.137704737761399,-0.22441208554079,-0.19343134789984,0.24332179524874,0.259457187502694,-0.3704824640998,0.0725669143738491,-0.219933522414274,1.36507051208532,1.43714433947106,1.59567199344616,2.34612136086656,6.84892396860916,1.09951392552504,1.19685673840643,2.99169898077207,1.17269995743937,1.57642504423551,1.44844173441226,1.37480059566653,1.09084184611406,1.689093865573,1.8170723354573,0.906403035547355,1.2602671580997,2.79720088967195,2.65879879256082,1.72438327115547
"PSSM22",0.10145647547543,0.0935994864746238,0.29719814730392,0.0823907504303021,0.0061468308058406,0.114990845857184,0.120693434696726,-0.0182396970626684,-0.0220596995362083,-0.289699394262212,-0.29530365183736,0.379444732245244,-0.137704737761399,-0.22441208554079,-0.19343134789984,0.24332179524874,0.259457187502694,-0.3704824640998,0.0725669143738491,-0.219933522414274,1.39909325250108,1.45975341949408,1.53159977882397,2.8095364011305,7.10627848018637,1.2088058015867,1.4860205650024,3.19529861864639,1.27888042626156,1.56530631229354,1.36911828269086,1.21546699438974,0.929043491508385,1.73100613343288,1.84643130310496,0.900999875408535,1.24137628407059,2.67026171659672,2.89994177732935,1.786597431742
"PSSM23",0.10145647547543,0.0935994864746238,0.29719814730392,0.0823907504303021,0.0061468308058406,0.114990845857184,0.120693434696726,-0.0182396970626684,-0.0220596995362083,-0.289699394262212,-0.29530365183736,0.379444732245244,-0.137704737761399,-0.22441208554079,-0.19343134789984,0.24332179524874,0.259457187502694,-0.3704824640998,0.0725669143738491,-0.219933522414274,1.28375348603179,1.36623698908056,1.4873527764064,2.58778905631446,6.59618785887255,1.14728637921974,1.4428460128683,3.06271013100814,1.16235979741494,1.55931071866404,1.37074323272987,1.26065845710675,0.875560955653929,1.83075222457437,1.51260185006098,0.938825029320914,1.11788142370358,2.85426341729432,2.99554726793003,1.60707893818312
"PSSM24",0.10145647547543,0.0935994864746238,0.29719814730392,0.0823907504303021,0.0061468308058406,0.114990845857184,0.120693434696726,-0.0182396970626684,-0.0220596995362083,-0.289699394262212,-0.29530365183736,0.379444732245244,-0.137704737761399,-0.22441208554079,-0.19343134789984,0.24332179524874,0.259457187502694,-0.3704824640998,0.0725669143738491,-0.219933522414274,1.33974196781351,1.66150921084656,1.57278358171424,2.26729832249595,7.25260415409722,1.21657792405651,1.44341422051111,2.86402197417353,1.03839850539963,1.65765313294871,1.43227290160114,1.56522321326423,1.01402801281868,1.89950670070949,2.05482241381746,0.95368406796209,1.16200857709769,2.27773456832964,2.79142050417001,1.65875848805193
"PSSM25",0.10145647547543,0.0935994864746238,0.29719814730392,0.0823907504303021,0.0061468308058406,0.114990845857184,0.120693434696726,-0.0182396970626684,-0.0220596995362083,-0.289699394262212,-0.29530365183736,0.379444732245244,-0.137704737761399,-0.22441208554079,-0.19343134789984,0.24332179524874,0.259457187502694,-0.3704824640998,0.0725669143738491,-0.219933522414274,1.25368390213052,1.37459700914319,1.63071627272193,2.80200020294653,7.23316874343948,1.0012074857959,1.35203595557762,2.72391266800411,1.2735409951834,1.56668025242316,1.42634325661183,1.42974712332858,1.09051255325002,1.66923469166489,2.25586304321051,0.862418616939108,1.22985795063691,2.38762840614752,2.97542360169874,1.56353690502992
"PSSM26",0.10145647547543,0.0935994864746238,0.29719814730392,0.0823907504303021,0.0061468308058406,0.114990845857184,0.120693434696726,-0.0182396970626684,-0.0220596995362083,-0.289699394262212,-0.29530365183736,0.379444732245244,-0.137704737761399,-0.22441208554079,-0.19343134789984,0.24332179524874,0.259457187502694,-0.3704824640998,0.0725669143738491,-0.219933522414274,1.31998468132342,1.33818878583759,1.41871031120958,2.51831237374957,5.9702779790325,1.14655583849515,1.47144862334958,2.78576349566399,1.37736901352833,1.71975112260593,1.32381387180349,1.45565777982622,1.05486372300595,1.90654305144208,2.4213047722883,0.865601496286105,1.26283718543955,2.32936924685745,3.02368323898098,1.61090758907614
"PSSM27",0.10145647547543,0.0935994864746238,0.29719814730392,0.0823907504303021,0.0061468308058406,0.114990845857184,0.120693434696726,-0.0182396970626684,-0.0220596995362083,-0.289699394262212,-0.29530365183736,0.379444732245244,-0.137704737761399,-0.22441208554079,-0.19343134789984,0.24332179524874,0.259457187502694,-0.3704824640998,0.0725669143738491,-0.219933522414274,1.21846461267012,1.30559264843661,1.50026373671412,2.87118172736376,7.00068850837678,1.15634985993846,1.41002029588971,3.152428694209,1.05195137236842,1.59142059885112,1.47236532971546,1.42059654898114,1.19071601064666,1.81988627599536,2.43611835838247,0.989635827211632,1.06138808637815,2.75550268563953,2.80048806419275,1.61778148012948
"PSSM28",0.10145647547543,0.0935994864746238,0.29719814730392,0.0823907504303021,0.0061468308058406,0.114990845857184,0.120693434696726,-0.0182396970626684,-0.0220596995362083,-0.289699394262212,-0.29530365183736,0.379444732245244,-0.137704737761399,-0.22441208554079,-0.19343134789984,0.24332179524874,0.259457187502694,-0.3704824640998,0.0725669143738491,-0.219933522414274,1.18050680829041,1.4593949859991,1.33000581201987,2.71004726346225,6.19543595148214,1.17209287156781,1.02040379985132,2.87898840830527,1.18158340733483,1.5452268561831,1.47203071589316,1.45911973092523,0.90368070830875,1.81140308967521,2.37307227335789,0.963129827778818,1.16777620183698,3.08081006801635,2.63877285512871,1.49756450675705
"PSSM29",0.10145647547543,0.0935994864746238,0.29719814730392,0.0823907504303021,0.0061468308058406,0.114990845857184,0.120693434696726,-0.0182396970626684,-0.0220596995362083,-0.289699394262212,-0.29530365183736,0.379444732245244,-0.137704737761399,-0.22441208554079,-0.19343134789984,0.24332179524874,0.259457187502694,-0.3704824640998,0.0725669143738491,-0.219933522414274,1.06642380497695,1.29129829601259,1.66597089656027,2.48747107628808,6.53084810762819,1.13962557898352,1.38057541514927,3.27109228283818,1.20510336399944,1.38254102273435,1.40013742033206,1.40548225734545,1.02387680727565,1.80933374945443,2.23235776688641,0.947748888385468,1.32543244714375,2.97307685395481,3.19145784955817,1.37975645936372
"PSSM30",0.10145647547543,0.0935994864746238,0.29719814730392,0.0823907504303021,0.0061468308058406,0.114990845857184,0.120693434696726,-0.0182396970626684,-0.0220596995362083,-0.289699394262212,-0.29530365183736,0.379444732245244,-0.137704737761399,-0.22441208554079,-0.19343134789984,0.24332179524874,0.259457187502694,-0.3704824640998,0.0725669143738491,-0.219933522414274,1.11526197735229,1.48238912611962,1.51257266413327,2.40463658903404,6.25547764886347,1.04123825706116,1.13104862073138,3.58321955499352,1.20999133658847,1.48573731505873,1.44347667997036,1.50894888713983,1.00011331803813,2.11213962567753,2.0575810680823,1.0430927144651,1.40830616629105,2.9232310222453,3.06297277675272,1.35479067211451
"PSSM31",0.10145647547543,0.0935994864746238,0.29719814730392,0.0823907504303021,0.0061468308058406,0.114990845857184,0.120693434696726,-0.0182396970626684,-0.0220596995362083,-0.289699394262212,-0.29530365183736,0.379444732245244,-0.137704737761399,-0.22441208554079,-0.19343134789984,0.24332179524874,0.259457187502694,-0.3704824640998,0.0725669143738491,-0.219933522414274,1.08118081935976,1.71391224157892,1.52842331732071,2.56182220532432,6.39898416869774,1.19258178262735,1.30749988231522,3.40717535322498,1.24788059013601,1.70798875559359,1.49286339943825,1.99986757525911,1.03107903607664,2.05378233581997,2.38739669099574,0.878391497211027,1.4956023940526,2.41974999848631,2.98535319254216,1.82298686136118
"PSSM32",0.10145647547543,0.0935994864746238,0.29719814730392,0.0823907504303021,0.0061468308058406,0.114990845857184,0.120693434696726,-0.0182396970626684,-0.0220596995362083,-0.289699394262212,-0.29530365183736,0.379444732245244,-0.137704737761399,-0.22441208554079,-0.19343134789984,0.24332179524874,0.259457187502694,-0.3704824640998,0.0725669143738491,-0.219933522414274,1.06958541723018,1.44501985471633,1.81148209739227,2.76588417864892,6.35420077070235,1.03983948462971,1.3769031454059,3.12344961415052,1.06917778537283,1.69121600150074,1.57120249907846,1.73724419083758,1.01648731765044,2.00978776413369,2.23578074627972,0.879506834936735,1.33574584922832,2.43234581477769,3.29064704265886,1.729335320795
"PSSM33",0.10145647547543,0.0935994864746238,0.29719814730392,0.0823907504303021,0.0061468308058406,0.114990845857184,0.120693434696726,-0.0182396970626684,-0.0220596995362083,-0.289699394262212,-0.29530365183736,0.379444732245244,-0.137704737761399,-0.22441208554079,-0.19343134789984,0.24332179524874,0.259457187502694,-0.3704824640998,0.0725669143738491,-0.219933522414274,0.947913715947353,1.14993217580764,1.44626841729995,2.53371319089637,6.2666147015483,0.949917662040292,1.07273146317521,3.17299818702917,1.21913713429072,1.2396178534482,0.951814041359279,1.46988783546167,0.815898458762268,2.12113724311672,2.51689753368522,0.755645148170429,1.65074074035491,2.58740389646319,3.19070679728036,1.44568373027846
"PSSM34",0.10145647547543,0.0935994864746238,0.29719814730392,0.0823907504303021,0.0061468308058406,0.114990845857184,0.120693434696726,-0.0182396970626684,-0.0220596995362083,-0.289699394262212,-0.29530365183736,0.379444732245244,-0.137704737761399,-0.22441208554079,-0.19343134789984,0.24332179524874,0.259457187502694,-0.3704824640998,0.0725669143738491,-0.219933522414274,0.958994991354472,1.3459958646281,1.69387385675048,2.83714331946505,6.73020269975874,1.14386302556343,1.24069691512616,2.85216131138026,1.26483844219132,1.48026470674009,1.45497121193147,1.49158854137553,1.04162945679995,1.89089617607925,2.50662239746276,0.790209138841391,1.32728145617958,2.54777943073734,2.35989452547814,1.51478955568114
"PSSM35",0.10145647547543,0.0935994864746238,0.29719814730392,0.0823907504303021,0.0061468308058406,0.114990845857184,0.120693434696726,-0.0182396970626684,-0.0220596995362083,-0.289699394262212,-0.29530365183736,0.379444732245244,-0.137704737761399,-0.22441208554079,-0.19343134789984,0.24332179524874,0.259457187502694,-0.3704824640998,0.0725669143738491,-0.219933522414274,1.01471848393176,1.45149662720463,1.73965807375094,2.71839472290861,5.84688668815091,1.10363567187442,1.18642383235211,2.86267167218647,0.957386056699946,1.591868146318,1.45483755487356,1.72662134188783,1.07201615163873,2.07972874284989,2.49391650166704,0.924369981476875,1.47204544492784,2.99064175013069,2.90737465018496,1.45338960552157
"PSSM36",0.10145647547543,0.0935994864746238,0.29719814730392,0.0823907504303021,0.0061468308058406,0.114990845857184,0.120693434696726,-0.0182396970626684,-0.0220596995362083,-0.289699394262212,-0.29530365183736,0.379444732245244,-0.137704737761399,-0.22441208554079,-0.19343134789984,0.24332179524874,0.259457187502694,-0.3704824640998,0.0725669143738491,-0.219933522414274,0.850798312810596,1.15219020467737,1.6289130329724,2.8021398191517,6.8064902065804,0.981189934550105,1.20701547744145,2.65282892028979,1.27855092997263,1.36643457909046,1.09083443133078,1.54629658902748,1.08712112782165,1.8724550772316,2.53568164140902,0.83819664129724,1.43936501392802,3.41858053180422,2.34528534301932,1.4339702428788
"PSSM37",0.10145647547543,0.0935994864746238,0.29719814730392,0.0823907504303021,0.0061468308058406,0.114990845857184,0.120693434696726,-0.0182396970626684,-0.0220596995362083,-0.289699394262212,-0.29530365183736,0.379444732245244,-0.137704737761399,-0.22441208554079,-0.19343134789984,0.24332179524874,0.259457187502694,-0.3704824640998,0.0725669143738491,-0.219933522414274,0.88871984768352,1.49305783235829,1.95010349444977,3.02951333166447,5.83775957120309,1.09875736356216,1.42257828296367,2.68130286845532,1.31464604579752,1.65658045418519,1.56576959855833,1.40344078598609,1.14503705936624,1.92122567216051,1.65323020265858,1.06414902016613,1.32396690785254,2.84040109006641,2.52615200989828,1.41292243339017
"PSSM38",0.10145647547543,0.0935994864746238,0.29719814730392,0.0823907504303021,0.0061468308058406,0.114990845857184,0.120693434696726,-0.0182396970626684,-0.0220596995362083,-0.289699394262212,-0.29530365183736,0.379444732245244,-0.137704737761399,-0.22441208554079,-0.19343134789984,0.24332179524874,0.259457187502694,-0.3704824640998,0.0725669143738491,-0.219933522414274,0.722386774060834,1.60508759194437,1.62969903133405,1.95597027939573,6.55172401969129,1.05789458746767,1.21626672165576,2.37462344705884,1.37344377690443,1.46822307723581,1.41976938165982,1.71465098986737,0.94727879516449,1.82167109283727,2.28722303046514,0.963434252183844,1.25027898867279,2.86948129324088,2.38321823515692,1.07691358728821
"PSSM39",0.10145647547543,0.0935994864746238,0.29719814730392,0.0823907504303021,0.0061468308058406,0.114990845857184,0.120693434696726,-0.0182396970626684,-0.0220596995362083,-0.289699394262212,-0.29530365183736,0.379444732245244,-0.137704737761399,-0.22441208554079,-0.19343134789984,0.24332179524874,0.259457187502694,-0.3704824640998,0.0725669143738491,-0.219933522414274,1.04513702312529,1.49721408027806,1.89536347712747,2.01025029685193,6.8328686926352,1.12512661917137,1.41361759866324,2.22168683150438,1.36944004969113,1.337667822776,1.12608443596853,1.63099813549336,1.02790831625705,1.66610834571033,1.93565989577864,0.911722929245512,1.13156209859981,2.59289635860215,2.61811395649022,1.32934175274336
"PSSM40",0.10145647547543,0.0935994864746238,0.29719814730392,0.0823907504303021,0.0061468308058406,0.114990845857184,0.120693434696726,-0.0182396970626684,-0.0220596995362083,-0.289699394262212,-0.29530365183736,0.379444732245244,-0.137704737761399,-0.22441208554079,-0.19343134789984,0.24332179524874,0.259457187502694,-0.3704824640998,0.0725669143738491,-0.219933522414274,0.793680533377058,1.39976089550871,1.75341271961664,2.16248966582354,6.67307963906414,1.34796693656906,1.49279259953331,2.17050325041889,1.27744069897221,1.64580086714646,1.55305462540499,1.61218552769788,1.09156074337968,1.74107580040911,2.12261411509986,1.09079825552154,1.36249010947897,2.18684427686183,2.06585998106233,1.67876902765435
"PSSM41",0.10145647547543,0.0935994864746238,0.29719814730392,0.0823907504303021,0.0061468308058406,0.114990845857184,0.120693434696726,-0.0182396970626684,-0.0220596995362083,-0.289699394262212,-0.29530365183736,0.379444732245244,-0.137704737761399,-0.22441208554079,-0.19343134789984,0.24332179524874,0.259457187502694,-0.3704824640998,0.0725669143738491,-0.219933522414274,0.966076292302158,1.19892278578347,1.84515910352095,2.33977826824144,6.26631628261868,1.16950539675559,1.24853514275843,2.81431218014054,1.29701638317812,1.74521415373727,1.49008290437988,1.57478183968707,1.21804421403018,1.51691352063096,1.70552041577397,0.889708908055581,1.47660352505294,2.51499939878995,2.14068856599924,1.68850666883091
"PSSM42",0.10145647547543,0.0935994864746238,0.29719814730392,0.0823907504303021,0.0061468308058406,0.114990845857184,0.120693434696726,-0.0182396970626684,-0.0220596995362083,-0.289699394262212,-0.29530365183736,0.379444732245244,-0.137704737761399,-0.22441208554079,-0.19343134789984,0.24332179524874,0.259457187502694,-0.3704824640998,0.0725669143738491,-0.219933522414274,0.78463601425929,1.61820054207862,1.81515252694961,2.39789619503284,6.07594166246684,1.06087155392789,1.29335347054503,2.48023097093181,1.32567012094882,1.63018532471382,1.36234139521522,1.64557319818513,0.986764744258057,1.7560519721865,1.82366986698953,1.0415389142333,1.3710367100857,2.58899214997996,1.84736609264876,1.62371113719538
"PSSM43",0.10145647547543,0.0935994864746238,0.29719814730392,0.0823907504303021,0.0061468308058406,0.114990845857184,0.120693434696726,-0.0182396970626684,-0.0220596995362083,-0.289699394262212,-0.29530365183736,0.379444732245244,-0.137704737761399,-0.22441208554079,-0.19343134789984,0.24332179524874,0.259457187502694,-0.3704824640998,0.0725669143738491,-0.219933522414274,1.00045652525442,1.58476414946329,1.75251814377412,2.71278727303834,6.63929104995335,1.25698377155557,1.51448486818899,2.24033217309019,1.47555537739211,1.64778361883867,1.42007473921838,1.52750017674575,1.09864021577945,1.59856026936721,1.79096708928832,0.886525889612252,1.38069299503154,2.7474290672252,2.25256587010684,1.60143628093911
"PSSM44",0.10145647547543,0.0935994864746238,0.29719814730392,0.0823907504303021,0.0061468308058406,0.114990845857184,0.120693434696726,-0.0182396970626684,-0.0220596995362083,-0.289699394262212,-0.29530365183736,0.379444732245244,-0.137704737761399,-0.22441208554079,-0.19343134789984,0.24332179524874,0.259457187502694,-0.3704824640998,0.0725669143738491,-0.219933522414274,0.807440220806276,1.30623644688582,1.94788224900551,2.71256520180036,5.89235400044795,0.92922951313577,1.29203648300322,1.96431643440591,1.39180996278988,1.53864512594703,1.28144503862046,1.38507996756205,1.10519168118079,1.51807916861141,1.99845038426574,1.00926907816345,1.15745921519859,3.09007901184443,2.31467365398874,1.24809848224439
"PSSM45",0.10145647547543,0.0935994864746238,0.29719814730392,0.0823907504303021,0.0061468308058406,0.114990845857184,0.120693434696726,-0.0182396970626684,-0.0220596995362083,-0.289699394262212,-0.29530365183736,0.379444732245244,-0.137704737761399,-0.22441208554079,-0.19343134789984,0.24332179524874,0.259457187502694,-0.3704824640998,0.0725669143738491,-0.219933522414274,1.00045359767036,1.59268848989998,1.620865640386,2.2924146315972,5.49427831299131,1.19295137330247,1.23253927667087,2.07882105322873,1.27657917647787,1.54504153777245,1.08978870641491,1.39882403395797,0.898601474949871,1.66757255185233,2.20781221791857,0.869432663417768,1.38091640246606,2.90603686265222,2.5384885635676,1.30104784904825
"PSSM46",0.10145647547543,0.0935994864746238,0.29719814730392,0.0823907504303021,0.0061468308058406,0.114990845857184,0.120693434696726,-0.0182396970626684,-0.0220596995362083,-0.289699394262212,-0.29530365183736,0.379444732245244,-0.137704737761399,-0.22441208554079,-0.19343134789984,0.24332179524874,0.259457187502694,-0.3704824640998,0.0725669143738491,-0.219933522414274,0.871960143799759,1.49484207347749,1.78969251444849,2.62744010999041,6.484358239147,1.135051157758,1.24084302427157,1.92014555103238,1.26934402509433,1.52914616153762,1.49764342177465,1.51380093435008,1.06695097973584,1.68158101998587,1.89190086085997,0.888713535681344,1.45164663949127,2.8638462565253,2.96021079221935,1.43844556122662
"PSSM47",0.10145647547543,0.0935994864746238,0.29719814730392,0.0823907504303021,0.0061468308058406,0.114990845857184,0.120693434696726,-0.0182396970626684,-0.0220596995362083,-0.289699394262212,-0.29530365183736,0.379444732245244,-0.137704737761399,-0.22441208554079,-0.19343134789984,0.24332179524874,0.259457187502694,-0.3704824640998,0.0725669143738491,-0.219933522414274,0.992086795483522,1.10023701040179,1.6284798481184,1.98406644953345,6.03388294206365,1.17539314588929,1.04612232739107,1.96903985350241,1.38740525789021,1.20235415901513,1.25797284518739,1.39510852934879,1.07333767089636,1.98943103615167,2.39047386571223,0.90758456325268,1.24280835391096,2.46692316641466,3.21046413255482,0.964620756106431
"PSSM48",0.10145647547543,0.0935994864746238,0.29719814730392,0.0823907504303021,0.0061468308058406,0.114990845857184,0.120693434696726,-0.0182396970626684,-0.0220596995362083,-0.289699394262212,-0.29530365183736,0.379444732245244,-0.137704737761399,-0.22441208554079,-0.19343134789984,0.24332179524874,0.259457187502694,-0.3704824640998,0.0725669143738491,-0.219933522414274,0.971256028938828,1.20955251525807,1.80258254222291,2.22975138491099,6.78191806228906,1.12475704450157,1.30592049477433,2.25367587068559,0.976734001815094,1.40383363367875,1.51089496416155,1.66403161772936,1.36260718812377,1.73402042372327,2.61285935787473,0.889804054033322,1.33231911899805,3.07369387302988,3.14546968391317,1.1689055657585
"PSSM49",0.10145647547543,0.0935994864746238,0.29719814730392,0.0823907504303021,0.0061468308058406,0.114990845857184,0.120693434696726,-0.0182396970626684,-0.0220596995362083,-0.289699394262212,-0.29530365183736,0.379444732245244,-0.137704737761399,-0.22441208554079,-0.19343134789984,0.24332179524874,0.259457187502694,-0.3704824640998,0.0725669143738491,-0.219933522414274,1.06960943146133,1.33814063931196,1.49388203175706,2.04170156867091,6.30457507586181,1.04622252065424,1.02336662597957,2.64882478614576,1.20855261977271,1.41135529442683,1.45438206383544,1.80600670149856,1.15152770754627,2.02777711380882,2.44812604364881,1.02960142570657,1.24966811290455,2.27910411172423,2.87309052823795,1.29218147898955
